picoclaw-android-universal.zip	20457217	sha256:fdfc0dbf52af7dfa82022629c902796fb479cc62a483b86cb86d2919b8f191ee	https://github.com/sipeed/picoclaw/releases/download/v0.3.1/picoclaw-android-universal.zip
picoclaw_0.3.1_checksums.txt	3088	sha256:a60e0242f72508f5fbd8ab5976661d0d183c76d8f7863a383e60f3262e976acf	https://github.com/sipeed/picoclaw/releases/download/v0.3.1/picoclaw_0.3.1_checksums.txt
picoclaw_aarch64.deb	22023504	sha256:bfb4b91240d725613a58caa89cf8061a1639419f7f7f10b75a3ad4304e699030	https://github.com/sipeed/picoclaw/releases/download/v0.3.1/picoclaw_aarch64.deb
picoclaw_aarch64.rpm	21912668	sha256:bdfe0072fe15d3997cd94f1b9cd0468ef9f770b720adc4a66dff0729b1cd3be1	https://github.com/sipeed/picoclaw/releases/download/v0.3.1/picoclaw_aarch64.rpm
picoclaw_armv6.deb	22002122	sha256:800e48515cb946f05fc354d46a2b5a5d3a259b554671d969180a5a9a853192ef	https://github.com/sipeed/picoclaw/releases/download/v0.3.1/picoclaw_armv6.deb
picoclaw_armv6.rpm	21891962	sha256:0e661b0e480515ce24859ca7ecd31adca2f083980e5a321751a750aa0b2e7eed	https://github.com/sipeed/picoclaw/releases/download/v0.3.1/picoclaw_armv6.rpm
picoclaw_armv7.deb	21960750	sha256:83c4442bab6ed4fd6601566606c638f429968a1f51acf1673c8d3462e93d0fa0	https://github.com/sipeed/picoclaw/releases/download/v0.3.1/picoclaw_armv7.deb
picoclaw_armv7.rpm	21857825	sha256:55a062196da9b758c8f00d4e116f6abd3e60080691fc1bb4a6d81f96e2aaf917	https://github.com/sipeed/picoclaw/releases/download/v0.3.1/picoclaw_armv7.rpm
picoclaw_Darwin_arm64.tar.gz	21156085	sha256:30266e4edd6b0dfb871c6ac58e69ffdf8039fc65f23f2612f8792f704930765b	https://github.com/sipeed/picoclaw/releases/download/v0.3.1/picoclaw_Darwin_arm64.tar.gz
picoclaw_Darwin_x86_64.tar.gz	22684399	sha256:57d4621f912bec29912bd0cdb52658c7410fb0beaaac7fffc85083d264b55127	https://github.com/sipeed/picoclaw/releases/download/v0.3.1/picoclaw_Darwin_x86_64.tar.gz
picoclaw_Freebsd_arm64.tar.gz	20150322	sha256:a76a407e7269eaa9cb934d74d52072a41e2ed4a9ca6c8242ec14e8691a010ee7	https://github.com/sipeed/picoclaw/releases/download/v0.3.1/picoclaw_Freebsd_arm64.tar.gz
picoclaw_Freebsd_armv6.tar.gz	16076042	sha256:370170735f0d50db57e0513a1f6989e074ee89dfe934713aebfb6af8ed3ad1cf	https://github.com/sipeed/picoclaw/releases/download/v0.3.1/picoclaw_Freebsd_armv6.tar.gz
picoclaw_Freebsd_armv7.tar.gz	16053224	sha256:fb3538af8939fa3bfd8d0ede736114656a09855818a77e6d556a142a2b99ed9a	https://github.com/sipeed/picoclaw/releases/download/v0.3.1/picoclaw_Freebsd_armv7.tar.gz
picoclaw_Freebsd_x86_64.tar.gz	21646933	sha256:3ceae1d80a6b4b52aab5da16fa73ffa9a4ad0e7efeb2541169fce70ecaeac0e9	https://github.com/sipeed/picoclaw/releases/download/v0.3.1/picoclaw_Freebsd_x86_64.tar.gz
picoclaw_Linux_arm64.tar.gz	21933591	sha256:e78ab0de05d000698ff8b32458e71cb3134e52e9eaf540e3323a72e9914de060	https://github.com/sipeed/picoclaw/releases/download/v0.3.1/picoclaw_Linux_arm64.tar.gz
picoclaw_Linux_armv6.tar.gz	21905575	sha256:28c9789be079986bd8b6cea7c82b9c9bda819b58860db0502598149a36407bc8	https://github.com/sipeed/picoclaw/releases/download/v0.3.1/picoclaw_Linux_armv6.tar.gz
picoclaw_Linux_armv7.tar.gz	21867108	sha256:1472e9913d800cc5bf7193e736d85007968dabb58973d0cdac02c7232dcf9b0b	https://github.com/sipeed/picoclaw/releases/download/v0.3.1/picoclaw_Linux_armv7.tar.gz
picoclaw_Linux_loong64.tar.gz	22276177	sha256:e944f1a08710117100aa1db825170eb515094912c2cf214415fbb667c2e0fafc	https://github.com/sipeed/picoclaw/releases/download/v0.3.1/picoclaw_Linux_loong64.tar.gz
picoclaw_Linux_mipsle.tar.gz	16586935	sha256:5be2f72018a9663eb673a08a9db5fb6f4626ab1f7430be975b1dbb0efdcf05b2	https://github.com/sipeed/picoclaw/releases/download/v0.3.1/picoclaw_Linux_mipsle.tar.gz
picoclaw_Linux_riscv64.tar.gz	22914731	sha256:5124e553c8fb6f90cd57f7478a37409d2d98531cb028ca6ead6cc6867650d58a	https://github.com/sipeed/picoclaw/releases/download/v0.3.1/picoclaw_Linux_riscv64.tar.gz
picoclaw_Linux_s390x.tar.gz	22283648	sha256:a7154c210384abc67270ae3435e68a92e3e80b6d93db3051f9122fc3f0ffc111	https://github.com/sipeed/picoclaw/releases/download/v0.3.1/picoclaw_Linux_s390x.tar.gz
picoclaw_Linux_x86_64.tar.gz	23587053	sha256:86f0fe84aa55279352edbe13adfca484a03bcf189e2030b25e34628089069c3f	https://github.com/sipeed/picoclaw/releases/download/v0.3.1/picoclaw_Linux_x86_64.tar.gz
picoclaw_loong64.deb	22380268	sha256:7dab6d4c72a8f43669a619936d5aaab03460917da1aefc18ca57f9006a2310dc	https://github.com/sipeed/picoclaw/releases/download/v0.3.1/picoclaw_loong64.deb
picoclaw_loong64.rpm	22257097	sha256:44ff28392fc7699fedce9517a3f160eb16157ec6e0fac0497de24121f7781c3f	https://github.com/sipeed/picoclaw/releases/download/v0.3.1/picoclaw_loong64.rpm
picoclaw_mipsle.deb	16683774	sha256:7d66d8283d60f12f39101c3cc6f4ce03b00f30ab2f26c4937c3c88eddb25a62d	https://github.com/sipeed/picoclaw/releases/download/v0.3.1/picoclaw_mipsle.deb
picoclaw_mipsle.rpm	16656224	sha256:ee582d6b964ef0b934374833e278c306b8f26ecbe05aae3530207defb0637712	https://github.com/sipeed/picoclaw/releases/download/v0.3.1/picoclaw_mipsle.rpm
picoclaw_Netbsd_arm64.tar.gz	17543329	sha256:138a60520d4f47726f3d02316049a56172ebedd64e1a2134e2bf1b7352b56cdf	https://github.com/sipeed/picoclaw/releases/download/v0.3.1/picoclaw_Netbsd_arm64.tar.gz
picoclaw_Netbsd_x86_64.tar.gz	19129497	sha256:9b21ae2b7b97bd6e355a85fb1b2680e8ecbfc7d57197cf3bac5e81a5fe6478a9	https://github.com/sipeed/picoclaw/releases/download/v0.3.1/picoclaw_Netbsd_x86_64.tar.gz
picoclaw_riscv64.deb	23009084	sha256:4b98588daf0e6f6549c08ccdd5d189900585cb646f7c97d5a6e4d6ee208dddbb	https://github.com/sipeed/picoclaw/releases/download/v0.3.1/picoclaw_riscv64.deb
picoclaw_riscv64.rpm	22887644	sha256:569e41b21b99aceb52926961eaf81ca67a0452b73ba3dded6df115c75eb0f602	https://github.com/sipeed/picoclaw/releases/download/v0.3.1/picoclaw_riscv64.rpm
picoclaw_s390x.deb	22380594	sha256:fc811cef8b612f5701f657633375388fcd33d4251659516ad1f0273835e37b90	https://github.com/sipeed/picoclaw/releases/download/v0.3.1/picoclaw_s390x.deb
picoclaw_s390x.rpm	22329054	sha256:a37778c150d76d4b63759b9c068c6830613c7ab2b586689d16976a8fa1b3ef06	https://github.com/sipeed/picoclaw/releases/download/v0.3.1/picoclaw_s390x.rpm
picoclaw_Windows_arm64.zip	20491048	sha256:2c3c99f65696e9dcf0726b0867b3857a378704f14b097dd0076e16967f54f1c3	https://github.com/sipeed/picoclaw/releases/download/v0.3.1/picoclaw_Windows_arm64.zip
picoclaw_Windows_x86_64.zip	22385616	sha256:c76e4b9f3f95137b8cb58229e756538b12ed0fee0e4301a01b531626bf740af1	https://github.com/sipeed/picoclaw/releases/download/v0.3.1/picoclaw_Windows_x86_64.zip
picoclaw_x86_64.deb	23675252	sha256:dfcbf0445ac8f3422575689378ee8c3406734f67b837bf49a8bc8d5624e8353a	https://github.com/sipeed/picoclaw/releases/download/v0.3.1/picoclaw_x86_64.deb
picoclaw_x86_64.rpm	23621504	sha256:b134dde970fce23e7030f7acb8f81f21be5475a68eb363bd0facbd4f3d9f45bc	https://github.com/sipeed/picoclaw/releases/download/v0.3.1/picoclaw_x86_64.rpm
